Workbook

Sheet WBS Tracker
A1: Project | B1: Module | C1: Sub-Module | D1: Page / Functionality Check | E1: Scope of Check | F1: Estimation Rationale | G1: Estimated Hours | H1: Actual Hours | I1: Date Worked | J1: Status | K1: Variance (h) | L1: Remarks
A2: Progbiz ERP | B2: CRM | C2: Login | D2: Login page functionality | E2: Form load, valid/invalid login, Enter-key submit, password eye toggle, Forgot Password, redirect to home | F2: 8 small checks; static form, no data setup | G2: 2 | J2: Pending | K2: =G2-H2
A3: Progbiz ERP | B3: CRM | C3: Homepage | D3: Home dashboard checks | E3: Greeting, count cards, Create New menu, Today's Schedule, timeline/calendar entry points | F3: Read-only verification; no forms | G3: 2 | J3: Pending | K3: =G3-H3
A4: Progbiz ERP | B4: CRM | C4: Enquiry | D4: Add Enquiry form | E4: Branch/date/auto-number/source fields, customer phone search, New Customer modal, Assign-To, item add (single+multiple), save/cancel | F4: Largest form; AJAX modal + item picker need per-field checks | G4: 4 | J4: Pending | K4: =G4-H4
A5: Progbiz ERP | B5: CRM | C5: Enquiry | D5: Conditional field logic | E5: Followup Status options; Lead Quality shows only for In-Followup; Description for Won/Lost; Next-followup date rules | F5: 4 status paths x field-visibility matrix | G5: 2 | J5: Pending | K5: =G5-H5
A6: Progbiz ERP | B6: CRM | C6: Enquiry | D6: Enquiry Overview page | E6: Details display (customer/status/value/items), actions: Followup, Create Quotation, edit/delete rules before/after followup | F6: State-dependent rules need seeded enquiries in 2 states | G6: 3 | J6: Pending | K6: =G6-H6
A7: Progbiz ERP | B7: CRM | C7: Leads Listing | D7: Leads list & tabs | E7: New/In-Followup/Won/Lost tabs + counts, filters, search, row actions, drill-down | F7: 4 tabs x filter combinations; count integrity vs data | G7: 3 | J7: Pending | K7: =G7-H7
A8: Progbiz ERP | B8: CRM | C8: Follow-up | D8: Follow-up modal | E8: Open, auto date, status options, conditional Lead Quality/Description, business value, save/cancel | F8: Same conditional matrix as enquiry + history write | G8: 3 | J8: Pending | K8: =G8-H8
A9: Progbiz ERP | B9: CRM | C9: Follow-up | D9: Follow-up history rules | E9: Appears in history, latest editable/deletable, older read-only | F9: Needs 2+ followups seeded per lead | G9: 1.5 | J9: Pending | K9: =G9-H9
A10: Progbiz ERP | B10: CRM | C10: Followups Listing | D10: Followups list & tabs | E10: Today's/Delayed/Upcoming/Non-Followup tabs + counts, filters, row Followup action | F10: 4 tabs; date-bucketing correctness needs dated data | G10: 2.5 | J10: Pending | K10: =G10-H10
A11: Progbiz ERP | B11: CRM | C11: Quotation | D11: Create quotation from enquiry | E11: Auto-fill check (all fields except Valid-Upto), items carried, editable after autofill, save to overview | F11: Field-by-field autofill verification | G11: 3 | J11: Pending | K11: =G11-H11
A12: Progbiz ERP | B12: CRM | C12: Quotation | D12: Quotation calculations | E12: Rate x qty gross, discount incl/excl tax, tax, total payable; terms & conditions save | F12: Arithmetic verification across item combinations | G12: 3 | J12: Pending | K12: =G12-H12
A13: Progbiz ERP | B13: CRM | C13: Quotation | D13: Quotation overview & actions | E13: Overview display, View Enquiry/View Quotation, edit, follow-up from quotation | F13: Cross-navigation checks | G13: 2 | J13: Pending | K13: =G13-H13
... A51: Progbiz ERP | B51: Excel Upload | C51: Solar Project Upload | D51: Solar project upload (/solar-project-upload) | E51: Template, valid upload, invalid rows, solar projects listed | F51: Variant of project upload with solar fields | G51: 2.5 | J51: Pending | K51: =G51-H51
F52: TOTAL | G52: =SUM(G2:G51) | H52: =SUM(H2:H51)

Sheet Daily Hours Log
A1: Date | B1: Module | C1: Sub-Module | D1: Hours Spent | E1: What was done | F1: Status Update

Sheet Dashboard
A1: WBS DASHBOARD — CRM · Task Management · Master · Excel Upload
A3: By Module
A4: Module | B4: Checks | C4: Completed | D4: Pending/In-Prog | E4: Est Hours | F4: Actual Hours | G4: Variance (h) | H4: % Complete
A5: CRM | B5: =COUNTIF('WBS Tracker'!B:B,A5) | C5: =COUNTIFS('WBS Tracker'!B:B,A5,'WBS Tracker'!J:J,"Completed") | D5: =B5-C5 | E5: =SUMIF('WBS Tracker'!B:B,A5,'WBS Tracker'!G:G) | F5: =SUMIF('WBS Tracker'!B:B,A5,'WBS Tracker'!H:H) | G5: =E5-F5 | H5: =IF(B5=0,0,C5/B5)
A6: Task Management | B6: =COUNTIF('WBS Tracker'!B:B,A6) | C6: =COUNTIFS('WBS Tracker'!B:B,A6,'WBS Tracker'!J:J,"Completed") | D6: =B6-C6 | E6: =SUMIF('WBS Tracker'!B:B,A6,'WBS Tracker'!G:G) | F6: =SUMIF('WBS Tracker'!B:B,A6,'WBS Tracker'!H:H) | G6: =E6-F6 | H6: =IF(B6=0,0,C6/B6)
A7: Master | B7: =COUNTIF('WBS Tracker'!B:B,A7) | C7: =COUNTIFS('WBS Tracker'!B:B,A7,'WBS Tracker'!J:J,"Completed") | D7: =B7-C7 | E7: =SUMIF('WBS Tracker'!B:B,A7,'WBS Tracker'!G:G) | F7: =SUMIF('WBS Tracker'!B:B,A7,'WBS Tracker'!H:H) | G7: =E7-F7 | H7: =IF(B7=0,0,C7/B7)
A8: Excel Upload | B8: =COUNTIF('WBS Tracker'!B:B,A8) | C8: =COUNTIFS('WBS Tracker'!B:B,A8,'WBS Tracker'!J:J,"Completed") | D8: =B8-C8 | E8: =SUMIF('WBS Tracker'!B:B,A8,'WBS Tracker'!G:G) | F8: =SUMIF('WBS Tracker'!B:B,A8,'WBS Tracker'!H:H) | G8: =E8-F8 | H8: =IF(B8=0,0,C8/B8)
A9: TOTAL | B9: =SUM(B5:B8) | C9: =SUM(C5:C8) | D9: =SUM(D5:D8) | E9: =SUM(E5:E8) | F9: =SUM(F5:F8) | G9: =SUM(G5:G8) | H9: =IF(B9=0,0,C9/B9)
A10: Daily hours (from Daily Hours Log)
A11: Today's logged hours: | B11: =SUMIF(DailyLog[Date],TODAY(),DailyLog[Hours Spent])
A12: Total logged hours: | B12: =SUM(DailyLog[Hours Spent])
A15: HOW TO USE (daily routine)
A16: 1. Each day, add a row in 'Daily Hours Log' per sub-module you worked on (Date, Module, Sub-Module, Hours).
A17: 2. Update 'Actual Hours' + 'Date Worked' + 'Status' on the matching WBS Tracker row (add hours cumulatively).
A18: 3. Variance auto-calculates (Estimated - Actual); negative = over-estimate risk, raise early.
A19: 4. Filter WBS Tracker Status column for Completed vs Pending tracking (it is an Excel Table - use the header filters).
A20: 5. Pivot dashboard: Insert > PivotTable > select table 'WBS' > Rows: Module, Sub-Module; Values: Sum of Estimated Hours, Sum of Actual Hours; Filter: Status.
A21: 6. For a burndown by day: Insert > PivotTable on table 'DailyLog' > Rows: Date; Values: Sum of Hours Spent.
A22: 7. For every NEW incoming module: copy this file, replace rows with the new module's sub-module breakdown BEFORE starting work, and commit the estimate.
